Model,Train_C_Index,Test_C_Index
Cox Regression,0.36282224639648364,0.3806331836618212
Random Survival Forest,0.6709016258018703,0.6250052446867422
