Model,Group,Sample_Count,Event_Rate,Median_Duration
Cox,Group 0,1333,0.1177794448612153,30.0
Cox,Group 1,1333,0.4876219054763691,29.0
Cox,Group 2,1334,0.48050974512743627,31.0
RSF,Group 0,1333,0.09902475618904726,30.0
RSF,Group 1,1333,0.5018754688672168,29.0
RSF,Group 2,1334,0.48500749625187406,31.0
