Model,C_Index,LogRank_P_Value,Risk_Stratification_Significant,Risk_Score_Discrimination_P,Rank
DeepSurv,0.5181576616474757,0.19184787476173834,False,0.914191120294401,1
Random Survival Forest,0.4793982298527541,0.596326193690251,False,0.873889311639757,2
Cox Regression,0.47761343127526523,0.155551387451731,False,0.9208220185879058,3
